{"cameraMode":{"drawMode":0,"name":"Shaded","section":"Shading Mode"},"sceneLighting":false,"audioPlay":false,"sceneViewState":{"showFog":true,"showMaterialUpdate":false,"showSkybox":false,"showFlares":true,"showImageEffects":true,"showParticleSystems":true},"in2DMode":false,"pivot":{"x":145.48284912109376,"y":431.0783386230469,"z":28.261260986328126},"rotation":{"x":-0.017320334911346437,"y":-0.9825965762138367,"z":0.12327610701322556,"w":-0.13795185089111329},"size":233.34524536132813,"orthographic":false}