{"cameraMode":{"drawMode":0,"name":"Shaded","section":"Shading Mode"},"sceneLighting":false,"audioPlay":false,"sceneViewState":{"showFog":true,"showMaterialUpdate":false,"showSkybox":false,"showFlares":true,"showImageEffects":true,"showParticleSystems":true},"in2DMode":false,"pivot":{"x":0.26066482067108157,"y":1.702744960784912,"z":2.244513750076294},"rotation":{"x":0.054959964007139209,"y":-0.9062888622283936,"z":0.40017908811569216,"w":0.12450168281793595},"size":2.74269437789917,"orthographic":false}