{"cameraMode":{"drawMode":0,"name":"Shaded","section":"Shading Mode"},"sceneLighting":true,"audioPlay":false,"sceneViewState":{"showFog":true,"showMaterialUpdate":false,"showSkybox":true,"showFlares":true,"showImageEffects":true,"showParticleSystems":true},"in2DMode":false,"pivot":{"x":63.03509521484375,"y":-43.41688537597656,"z":-78.6435317993164},"rotation":{"x":-0.06927602738142014,"y":-0.9286278486251831,"z":0.28808456659317019,"w":-0.22334715723991395},"size":395.4122619628906,"orthographic":false}