{"cameraMode":{"drawMode":0,"name":"Shaded","section":"Shading Mode"},"sceneLighting":false,"audioPlay":false,"sceneViewState":{"showFog":true,"showMaterialUpdate":false,"showSkybox":true,"showFlares":true,"showImageEffects":true,"showParticleSystems":true},"in2DMode":false,"pivot":{"x":447.4294128417969,"y":48.271484375,"z":449.87750244140627},"rotation":{"x":-0.31804177165031435,"y":-0.4895389676094055,"z":0.19782808423042298,"w":-0.7874675393104553},"size":244.31239318847657,"orthographic":false}