{"cameraMode":{"drawMode":0,"name":"Shaded","section":"Shading Mode"},"sceneLighting":false,"audioPlay":false,"sceneViewState":{"showFog":true,"showMaterialUpdate":false,"showSkybox":false,"showFlares":true,"showImageEffects":true,"showParticleSystems":true},"in2DMode":false,"pivot":{"x":-17.035930633544923,"y":1.9724397659301758,"z":136.82748413085938},"rotation":{"x":-0.03260045126080513,"y":0.9658260941505432,"z":-0.20768648386001588,"w":-0.15160515904426576},"size":1.8501572608947755,"orthographic":false}