{"cameraMode":{"drawMode":0,"name":"Shaded","section":"Shading Mode"},"sceneLighting":false,"audioPlay":false,"sceneViewState":{"showFog":true,"showMaterialUpdate":false,"showSkybox":false,"showFlares":true,"showImageEffects":true,"showParticleSystems":true},"in2DMode":false,"pivot":{"x":0.12290477752685547,"y":4.800000190734863,"z":-2.5872154235839845},"rotation":{"x":-0.017320334911346437,"y":-0.9825965762138367,"z":0.12327610701322556,"w":-0.13795185089111329},"size":22.0,"orthographic":false}