{"cameraMode":{"drawMode":0,"name":"Shaded","section":"Shading Mode"},"sceneLighting":true,"audioPlay":false,"sceneViewState":{"showFog":true,"showMaterialUpdate":false,"showSkybox":true,"showFlares":true,"showImageEffects":true,"showParticleSystems":true},"in2DMode":false,"pivot":{"x":302.5455627441406,"y":409.8990783691406,"z":-292.4914245605469},"rotation":{"x":-0.10408581793308258,"y":0.026086168363690378,"z":-0.002721069846302271,"w":-0.9942348599433899},"size":268.6005554199219,"orthographic":false}